vin,date,destino,movimiento,user,clima,lugar,type,localSQL_id
8AWJB62H0SA028679,2025-12-12T00:00:00.000Z,Espasa S.A.,INGRESO,slelsener@gmail.com,sol,El Molino,handInput,10
8AWJB62H0SA028827,2025-12-12T00:00:00.000Z,Espasa S.A.,INGRESO,slelsener@gmail.com,sol,El Molino,handInput,10
8AWJB62H0SA033428,2025-12-12T00:00:00.000Z,Espasa S.A.,INGRESO,slelsener@gmail.com,sol,El Molino,handInput,10
8AWJB62H0SA039181,2025-12-01T00:00:00.000Z,Espasa S.A.,INGRESO,slelsener@gmail.com,sol,El Molino,handInput,10
8AWJB62H1TA002982,2025-12-01T00:00:00.000Z,Espasa S.A.,INGRESO,slelsener@gmail.com,sol,El Molino,handInput,10
8AWJB62H3SA038932,2025-12-01T00:00:00.000Z,Espasa S.A.,INGRESO,slelsener@gmail.com,sol,El Molino,handInput,10
8AWJB62H4SA032363,2025-12-01T00:00:00.000Z,Espasa S.A.,INGRESO,slelsener@gmail.com,sol,El Molino,handInput,10
8AWJB62H4SA039121,2025-12-23T00:00:00.000Z,Espasa S.A.,INGRESO,slelsener@gmail.com,sol,El Molino,handInput,10
8AWJB62H4SA039202,2025-12-20T00:00:00.000Z,Espasa S.A.,INGRESO,slelsener@gmail.com,sol,El Molino,handInput,10
8AWJB62H6SA040352,2025-12-23T00:00:00.000Z,Espasa S.A.,INGRESO,slelsener@gmail.com,sol,El Molino,handInput,10
8AWJB62H7SA038688,2025-12-23T00:00:00.000Z,Espasa S.A.,INGRESO,slelsener@gmail.com,sol,El Molino,handInput,10
8AWJB62H7SA039064,2025-12-01T00:00:00.000Z,Espasa S.A.,INGRESO,slelsener@gmail.com,sol,El Molino,handInput,10
8AWJB62H8SA039283,2025-12-23T00:00:00.000Z,Espasa S.A.,INGRESO,slelsener@gmail.com,sol,El Molino,handInput,10
8AWJB62H8SA039946,2025-12-23T00:00:00.000Z,Espasa S.A.,INGRESO,slelsener@gmail.com,sol,El Molino,handInput,10
8AWJB62HXSA039222,2025-12-01T00:00:00.000Z,Espasa S.A.,INGRESO,slelsener@gmail.com,sol,El Molino,handInput,10
8AWJD62H1TA004399,2026-02-02T00:00:00.000Z,Espasa S.A.,INGRESO,slelsener@gmail.com,sol,El Molino,handInput,10
8AWJD62H2TA003357,2025-12-01T00:00:00.000Z,Espasa S.A.,INGRESO,slelsener@gmail.com,sol,El Molino,handInput,10
8AWJD62H3TA003321,2025-12-05T00:00:00.000Z,Espasa S.A.,INGRESO,slelsener@gmail.com,sol,El Molino,handInput,10
8AWJD62H3TA003481,2025-12-01T00:00:00.000Z,Espasa S.A.,INGRESO,slelsener@gmail.com,sol,El Molino,handInput,10
8AWJD62H5TA004390,2026-01-30T00:00:00.000Z,Espasa S.A.,INGRESO,slelsener@gmail.com,sol,El Molino,handInput,10
8AWJD62H6TA003393,2025-12-01T00:00:00.000Z,Espasa S.A.,INGRESO,slelsener@gmail.com,sol,El Molino,handInput,10
8AWJD62H6TA003426,2025-12-01T00:00:00.000Z,Espasa S.A.,INGRESO,slelsener@gmail.com,sol,El Molino,handInput,10
8AWJD62H7TA000762,2026-02-10T00:00:00.000Z,Espasa S.A.,INGRESO,slelsener@gmail.com,sol,El Molino,handInput,10
8AWJD62H7TA004066,2025-12-05T00:00:00.000Z,Espasa S.A.,INGRESO,slelsener@gmail.com,sol,El Molino,handInput,10
8AWJD62H7TA004486,2026-02-02T00:00:00.000Z,Espasa S.A.,INGRESO,slelsener@gmail.com,sol,El Molino,handInput,10
8AWJD62H9TA003341,2025-12-05T00:00:00.000Z,Espasa S.A.,INGRESO,slelsener@gmail.com,sol,El Molino,handInput,10
8AWJD62H9TA004781,2026-01-30T00:00:00.000Z,Espasa S.A.,INGRESO,slelsener@gmail.com,sol,El Molino,handInput,10
8AWJD62HXTA004613,2026-01-30T00:00:00.000Z,Espasa S.A.,INGRESO,slelsener@gmail.com,sol,El Molino,handInput,10
8AWJW62H1SA037380,2025-12-24T00:00:00.000Z,Espasa S.A.,INGRESO,slelsener@gmail.com,sol,El Molino,handInput,10
8AWJW62H1SA037508,2025-12-19T00:00:00.000Z,Espasa S.A.,INGRESO,slelsener@gmail.com,sol,El Molino,handInput,10
8AWJW62H1SA037542,2025-12-19T00:00:00.000Z,Espasa S.A.,INGRESO,slelsener@gmail.com,sol,El Molino,handInput,10
8AWJW62H2SA034746,2025-12-19T00:00:00.000Z,Espasa S.A.,INGRESO,slelsener@gmail.com,sol,El Molino,handInput,10
8AWJW62H2SA039560,2026-01-02T00:00:00.000Z,Espasa S.A.,INGRESO,slelsener@gmail.com,sol,El Molino,handInput,10
8AWJW62H3SA032780,2025-12-01T00:00:00.000Z,Espasa S.A.,INGRESO,slelsener@gmail.com,sol,El Molino,handInput,10
8AWJW62H3SA038532,2026-02-02T00:00:00.000Z,Espasa S.A.,INGRESO,slelsener@gmail.com,sol,El Molino,handInput,10
8AWJW62H4SA037731,2026-02-02T00:00:00.000Z,Espasa S.A.,INGRESO,slelsener@gmail.com,sol,El Molino,handInput,10
8AWJW62H4SA038927,2026-01-03T00:00:00.000Z,Espasa S.A.,INGRESO,slelsener@gmail.com,sol,El Molino,handInput,10
8AWJW62H4SA041102,2025-12-12T00:00:00.000Z,Espasa S.A.,INGRESO,slelsener@gmail.com,sol,El Molino,handInput,10
8AWJW62H5SA037673,2026-01-30T00:00:00.000Z,Espasa S.A.,INGRESO,slelsener@gmail.com,sol,El Molino,handInput,10
8AWJW62H5SA037740,2026-01-30T00:00:00.000Z,Espasa S.A.,INGRESO,slelsener@gmail.com,sol,El Molino,handInput,10
8AWJW62H5SA040539,2025-12-23T00:00:00.000Z,Espasa S.A.,INGRESO,slelsener@gmail.com,sol,El Molino,handInput,10
8AWJW62H9SA032993,2025-12-01T00:00:00.000Z,Espasa S.A.,INGRESO,slelsener@gmail.com,sol,El Molino,handInput,10
8AWJW62H9SA034615,2025-12-01T00:00:00.000Z,Espasa S.A.,INGRESO,slelsener@gmail.com,sol,El Molino,handInput,10
8AWJW62HXSA032792,2025-12-01T00:00:00.000Z,Espasa S.A.,INGRESO,slelsener@gmail.com,sol,El Molino,handInput,10
8AWJW62HXSA032906,2025-12-05T00:00:00.000Z,Espasa S.A.,INGRESO,slelsener@gmail.com,sol,El Molino,handInput,10
8AWJW62HXSA032937,2025-12-01T00:00:00.000Z,Espasa S.A.,INGRESO,slelsener@gmail.com,sol,El Molino,handInput,10
8AWJW62HXSA034767,2025-12-05T00:00:00.000Z,Espasa S.A.,INGRESO,slelsener@gmail.com,sol,El Molino,handInput,10
8AWJW62HXSA037832,2026-01-30T00:00:00.000Z,Espasa S.A.,INGRESO,slelsener@gmail.com,sol,El Molino,handInput,10
8AWJW62HXSA038933,2025-12-30T00:00:00.000Z,Espasa S.A.,INGRESO,slelsener@gmail.com,sol,El Molino,handInput,10
8AWJW62HXTA003472,2025-12-27T00:00:00.000Z,Espasa S.A.,INGRESO,slelsener@gmail.com,sol,El Molino,handInput,10
8AWJW62H0SA028461,2025-12-05T00:00:00.000Z,Espasa S.A.,INGRESO,slelsener@gmail.com,sol,El Molino,handInput,10
8AWJW62H0SA041839,2026-01-30T00:00:00.000Z,Espasa S.A.,INGRESO,slelsener@gmail.com,sol,El Molino,handInput,10
8AWJW62H1SA034561,2025-12-01T00:00:00.000Z,Espasa S.A.,INGRESO,slelsener@gmail.com,sol,El Molino,handInput,10
8AWJW62H1SA039551,2026-01-30T00:00:00.000Z,Espasa S.A.,INGRESO,slelsener@gmail.com,sol,El Molino,handInput,10
8AWJW62H2SA034391,2025-12-01T00:00:00.000Z,Espasa S.A.,INGRESO,slelsener@gmail.com,sol,El Molino,handInput,10
8AWJW62H3SA041513,2026-01-30T00:00:00.000Z,Espasa S.A.,INGRESO,slelsener@gmail.com,sol,El Molino,handInput,10
8AWJW62H3SA041639,2026-01-30T00:00:00.000Z,Espasa S.A.,INGRESO,slelsener@gmail.com,sol,El Molino,handInput,10
8AWJW62H3SA041687,2026-02-02T00:00:00.000Z,Espasa S.A.,INGRESO,slelsener@gmail.com,sol,El Molino,handInput,10
8AWJW62H4SA033498,2025-12-01T00:00:00.000Z,Espasa S.A.,INGRESO,slelsener@gmail.com,sol,El Molino,handInput,10
8AWJW62H4SA033520,2025-12-03T00:00:00.000Z,Espasa S.A.,INGRESO,slelsener@gmail.com,sol,El Molino,handInput,10
8AWJW62H4SA036854,2025-12-01T00:00:00.000Z,Espasa S.A.,INGRESO,slelsener@gmail.com,sol,El Molino,handInput,10
8AWJW62H5SA041769,2026-02-02T00:00:00.000Z,Espasa S.A.,INGRESO,slelsener@gmail.com,sol,El Molino,handInput,10
8AWJW62H6SA036290,2025-12-30T00:00:00.000Z,Espasa S.A.,INGRESO,slelsener@gmail.com,sol,El Molino,handInput,10
8AWJW62H6SA036841,2025-12-01T00:00:00.000Z,Espasa S.A.,INGRESO,slelsener@gmail.com,sol,El Molino,handInput,10
8AWJW62H7SA042180,2026-01-30T00:00:00.000Z,Espasa S.A.,INGRESO,slelsener@gmail.com,sol,El Molino,handInput,10
8AWJW62H8SA035495,2026-02-11T00:00:00.000Z,Espasa S.A.,INGRESO,slelsener@gmail.com,sol,El Molino,handInput,10
8AWJW62HXSA034414,2025-12-01T00:00:00.000Z,Espasa S.A.,INGRESO,slelsener@gmail.com,sol,El Molino,handInput,10
8AWJW62HXSA035921,2026-01-03T00:00:00.000Z,Espasa S.A.,INGRESO,slelsener@gmail.com,sol,El Molino,handInput,10
8AWJW62HXSA035997,2026-01-03T00:00:00.000Z,Espasa S.A.,INGRESO,slelsener@gmail.com,sol,El Molino,handInput,10
8AWJW62HXSA036499,2025-12-01T00:00:00.000Z,Espasa S.A.,INGRESO,slelsener@gmail.com,sol,El Molino,handInput,10
8AWJW62HXSA041637,2026-02-02T00:00:00.000Z,Espasa S.A.,INGRESO,slelsener@gmail.com,sol,El Molino,handInput,10
9BWCH6CH0TP035827,2025-12-01T00:00:00.000Z,Espasa S.A.,INGRESO,slelsener@gmail.com,sol,El Molino,handInput,10
9BWCH6CH1TP040387,2025-12-30T00:00:00.000Z,Espasa S.A.,INGRESO,slelsener@gmail.com,sol,El Molino,handInput,10
9BWCH6CH2TP042360,2026-02-09T00:00:00.000Z,Espasa S.A.,INGRESO,slelsener@gmail.com,sol,El Molino,handInput,10
9BWCH6CH5TP032969,2025-12-03T00:00:00.000Z,Espasa S.A.,INGRESO,slelsener@gmail.com,sol,El Molino,handInput,10
9BWCH6CH5TP041719,2026-02-05T00:00:00.000Z,Espasa S.A.,INGRESO,slelsener@gmail.com,sol,El Molino,handInput,10
9BWCH6CH6TP035461,2025-12-20T00:00:00.000Z,Espasa S.A.,INGRESO,slelsener@gmail.com,sol,El Molino,handInput,10
9BWCH6CH6TP039283,2026-01-02T00:00:00.000Z,Espasa S.A.,INGRESO,slelsener@gmail.com,sol,El Molino,handInput,10
9BWCH6CH6TP041616,2025-12-30T00:00:00.000Z,Espasa S.A.,INGRESO,slelsener@gmail.com,sol,El Molino,handInput,10
9BWCH6CH8TP041455,2026-01-02T00:00:00.000Z,Espasa S.A.,INGRESO,slelsener@gmail.com,sol,El Molino,handInput,10
9BWCH6CH9TP035549,2025-12-01T00:00:00.000Z,Espasa S.A.,INGRESO,slelsener@gmail.com,sol,El Molino,handInput,10
9BWCH6CHXTP034989,2025-12-01T00:00:00.000Z,Espasa S.A.,INGRESO,slelsener@gmail.com,sol,El Molino,handInput,10
9BWCH6CHXTP040565,2026-02-05T00:00:00.000Z,Espasa S.A.,INGRESO,slelsener@gmail.com,sol,El Molino,handInput,10
9BWCH6CHXTP042008,2026-02-09T00:00:00.000Z,Espasa S.A.,INGRESO,slelsener@gmail.com,sol,El Molino,handInput,10
9BWCH6CH0TP041773,2026-01-03T00:00:00.000Z,Espasa S.A.,INGRESO,slelsener@gmail.com,sol,El Molino,handInput,10
9BWCH6CH5TP035449,2025-12-01T00:00:00.000Z,Espasa S.A.,INGRESO,slelsener@gmail.com,sol,El Molino,handInput,10
9BWCH6CH7TP041964,2026-01-03T00:00:00.000Z,Espasa S.A.,INGRESO,slelsener@gmail.com,sol,El Molino,handInput,10
9BWCH6CH7TP041978,2026-01-03T00:00:00.000Z,Espasa S.A.,INGRESO,slelsener@gmail.com,sol,El Molino,handInput,10
9BWCH6CH7TP041981,2026-01-05T00:00:00.000Z,Espasa S.A.,INGRESO,slelsener@gmail.com,sol,El Molino,handInput,10
9BWCH6CH2TP042391,2026-02-09T00:00:00.000Z,Espasa S.A.,INGRESO,slelsener@gmail.com,sol,El Molino,handInput,10
9BWCH6CH9TP040766,2026-02-02T00:00:00.000Z,Espasa S.A.,INGRESO,slelsener@gmail.com,sol,El Molino,handInput,10
9BWCH6CH9TP042078,2026-02-09T00:00:00.000Z,Espasa S.A.,INGRESO,slelsener@gmail.com,sol,El Molino,handInput,10
9BWCH6CH9TP042081,2026-02-05T00:00:00.000Z,Espasa S.A.,INGRESO,slelsener@gmail.com,sol,El Molino,handInput,10
9BWAH5BZ0TT640773,2025-12-15T00:00:00.000Z,Espasa S.A.,INGRESO,slelsener@gmail.com,sol,El Molino,handInput,10
9BWAH5BZ0TT641132,2025-12-15T00:00:00.000Z,Espasa S.A.,INGRESO,slelsener@gmail.com,sol,El Molino,handInput,10
9BWAH5BZ1TT631368,2025-12-15T00:00:00.000Z,Espasa S.A.,INGRESO,slelsener@gmail.com,sol,El Molino,handInput,10
9BWAH5BZ0TT640126,2025-12-01T00:00:00.000Z,Espasa S.A.,INGRESO,slelsener@gmail.com,sol,El Molino,handInput,10
9BWAH5BZ0TT640210,2025-12-01T00:00:00.000Z,Espasa S.A.,INGRESO,slelsener@gmail.com,sol,El Molino,handInput,10
9BWAH5BZ1TT640362,2025-12-04T00:00:00.000Z,Espasa S.A.,INGRESO,slelsener@gmail.com,sol,El Molino,handInput,10
9BWAH5BZ1TT640376,2025-12-04T00:00:00.000Z,Espasa S.A.,INGRESO,slelsener@gmail.com,sol,El Molino,handInput,10
9BWAH5BZ2TT629306,2025-12-01T00:00:00.000Z,Espasa S.A.,INGRESO,slelsener@gmail.com,sol,El Molino,handInput,10
9BWAH5BZXTT643583,2026-01-12T00:00:00.000Z,Espasa S.A.,INGRESO,slelsener@gmail.com,sol,El Molino,handInput,10
9BWAL5BZ0TT641985,2026-01-05T00:00:00.000Z,Espasa S.A.,INGRESO,slelsener@gmail.com,sol,El Molino,handInput,10
9BWAL5BZ0TT642196,2026-01-03T00:00:00.000Z,Espasa S.A.,INGRESO,slelsener@gmail.com,sol,El Molino,handInput,10
9BWAL5BZ0TT642909,2025-12-20T00:00:00.000Z,Espasa S.A.,INGRESO,slelsener@gmail.com,sol,El Molino,handInput,10
9BWAL5BZ0TT643560,2025-12-22T00:00:00.000Z,Espasa S.A.,INGRESO,slelsener@gmail.com,sol,El Molino,handInput,10
9BWAL5BZ1TT642160,2025-12-23T00:00:00.000Z,Espasa S.A.,INGRESO,slelsener@gmail.com,sol,El Molino,handInput,10
9BWAL5BZ2TT637999,2026-02-11T00:00:00.000Z,Espasa S.A.,INGRESO,slelsener@gmail.com,sol,El Molino,handInput,10
9BWAL5BZ2TT640532,2026-01-03T00:00:00.000Z,Espasa S.A.,INGRESO,slelsener@gmail.com,sol,El Molino,handInput,10
9BWAL5BZ2TT642989,2025-12-30T00:00:00.000Z,Espasa S.A.,INGRESO,slelsener@gmail.com,sol,El Molino,handInput,10
9BWAL5BZ2TT644094,2026-01-05T00:00:00.000Z,Espasa S.A.,INGRESO,slelsener@gmail.com,sol,El Molino,handInput,10
9BWAL5BZ3TT641950,2025-12-23T00:00:00.000Z,Espasa S.A.,INGRESO,slelsener@gmail.com,sol,El Molino,handInput,10
9BWAL5BZ3TT641964,2026-01-03T00:00:00.000Z,Espasa S.A.,INGRESO,slelsener@gmail.com,sol,El Molino,handInput,10
9BWAL5BZ3TT643312,2025-12-30T00:00:00.000Z,Espasa S.A.,INGRESO,slelsener@gmail.com,sol,El Molino,handInput,10
9BWAL5BZ4TT640662,2026-01-05T00:00:00.000Z,Espasa S.A.,INGRESO,slelsener@gmail.com,sol,El Molino,handInput,10
9BWAL5BZ4TT643514,2025-12-22T00:00:00.000Z,Espasa S.A.,INGRESO,slelsener@gmail.com,sol,El Molino,handInput,10
9BWAL5BZ5TT642193,2026-01-05T00:00:00.000Z,Espasa S.A.,INGRESO,slelsener@gmail.com,sol,El Molino,handInput,10
9BWAL5BZ5TT643635,2025-12-30T00:00:00.000Z,Espasa S.A.,INGRESO,slelsener@gmail.com,sol,El Molino,handInput,10
9BWAL5BZ6TT641022,2025-12-03T00:00:00.000Z,Espasa S.A.,INGRESO,slelsener@gmail.com,sol,El Molino,handInput,10
9BWAL5BZ6TT641991,2026-01-03T00:00:00.000Z,Espasa S.A.,INGRESO,slelsener@gmail.com,sol,El Molino,handInput,10
9BWAL5BZ6TT642087,2026-01-03T00:00:00.000Z,Espasa S.A.,INGRESO,slelsener@gmail.com,sol,El Molino,handInput,10
9BWAL5BZ6TT642929,2025-12-20T00:00:00.000Z,Espasa S.A.,INGRESO,slelsener@gmail.com,sol,El Molino,handInput,10
9BWAL5BZ6TT643515,2025-12-23T00:00:00.000Z,Espasa S.A.,INGRESO,slelsener@gmail.com,sol,El Molino,handInput,10
9BWAL5BZ6TT643613,2025-12-23T00:00:00.000Z,Espasa S.A.,INGRESO,slelsener@gmail.com,sol,El Molino,handInput,10
9BWAL5BZ6TT644146,2026-01-05T00:00:00.000Z,Espasa S.A.,INGRESO,slelsener@gmail.com,sol,El Molino,handInput,10
9BWAL5BZ8TT641457,2025-12-30T00:00:00.000Z,Espasa S.A.,INGRESO,slelsener@gmail.com,sol,El Molino,handInput,10
9BWAL5BZ8TT641992,2025-12-23T00:00:00.000Z,Espasa S.A.,INGRESO,slelsener@gmail.com,sol,El Molino,handInput,10
9BWAL5BZ8TT643399,2025-12-22T00:00:00.000Z,Espasa S.A.,INGRESO,slelsener@gmail.com,sol,El Molino,handInput,10
9BWAL5BZ9TT637059,2026-02-09T00:00:00.000Z,Espasa S.A.,INGRESO,slelsener@gmail.com,sol,El Molino,handInput,10
9BWAL5BZ9TT642150,2026-01-03T00:00:00.000Z,Espasa S.A.,INGRESO,slelsener@gmail.com,sol,El Molino,handInput,10
9BWAL5BZ9TT643878,2026-01-05T00:00:00.000Z,Espasa S.A.,INGRESO,slelsener@gmail.com,sol,El Molino,handInput,10
9BWAL5BZ9TT644206,2026-01-05T00:00:00.000Z,Espasa S.A.,INGRESO,slelsener@gmail.com,sol,El Molino,handInput,10
9BWAL5BZXTT640309,2025-12-01T00:00:00.000Z,Espasa S.A.,INGRESO,slelsener@gmail.com,sol,El Molino,handInput,10
9BWAL5BZXTT640598,2025-12-03T00:00:00.000Z,Espasa S.A.,INGRESO,slelsener@gmail.com,sol,El Molino,handInput,10
9BWAL5BZXTT642156,2025-12-30T00:00:00.000Z,Espasa S.A.,INGRESO,slelsener@gmail.com,sol,El Molino,handInput,10
9BWAL5BZXTT643890,2026-01-05T00:00:00.000Z,Espasa S.A.,INGRESO,slelsener@gmail.com,sol,El Molino,handInput,10
9BWAL5BZXTT643923,2026-01-05T00:00:00.000Z,Espasa S.A.,INGRESO,slelsener@gmail.com,sol,El Molino,handInput,10
9BWAL5BZXTT644151,2026-01-05T00:00:00.000Z,Espasa S.A.,INGRESO,slelsener@gmail.com,sol,El Molino,handInput,10
9BWAL5BZXTT644196,2026-01-03T00:00:00.000Z,Espasa S.A.,INGRESO,slelsener@gmail.com,sol,El Molino,handInput,10
9BWBH6BF2T4033705,2025-12-02T00:00:00.000Z,Espasa S.A.,INGRESO,slelsener@gmail.com,sol,El Molino,handInput,10
9BWBH6BF2T4050357,2025-12-30T00:00:00.000Z,Espasa S.A.,INGRESO,slelsener@gmail.com,sol,El Molino,handInput,10
9BWBH6BF8T4055563,2026-02-09T00:00:00.000Z,Espasa S.A.,INGRESO,slelsener@gmail.com,sol,El Molino,handInput,10
9BWBH6BF8T4056082,2026-02-09T00:00:00.000Z,Espasa S.A.,INGRESO,slelsener@gmail.com,sol,El Molino,handInput,10
9BWBH6BF9T4050050,2025-12-02T00:00:00.000Z,Espasa S.A.,INGRESO,slelsener@gmail.com,sol,El Molino,handInput,10
9BWBH6BF9T4050453,2026-01-03T00:00:00.000Z,Espasa S.A.,INGRESO,slelsener@gmail.com,sol,El Molino,handInput,10
9BWBH6BF9T4055815,2026-02-09T00:00:00.000Z,Espasa S.A.,INGRESO,slelsener@gmail.com,sol,El Molino,handInput,10
9BWDL6BZ0T4009419,2026-01-05T00:00:00.000Z,Espasa S.A.,INGRESO,slelsener@gmail.com,sol,El Molino,handInput,10
9BWDL6BZ2T4008370,2025-12-02T00:00:00.000Z,Espasa S.A.,INGRESO,slelsener@gmail.com,sol,El Molino,handInput,10
9BWDL6BZ2T4009471,2026-01-12T00:00:00.000Z,Espasa S.A.,INGRESO,slelsener@gmail.com,sol,El Molino,handInput,10
9BWDL6BZ2T4009745,2025-12-22T00:00:00.000Z,Espasa S.A.,INGRESO,slelsener@gmail.com,sol,El Molino,handInput,10
9BWDL6BZ4T4009083,2025-12-19T00:00:00.000Z,Espasa S.A.,INGRESO,slelsener@gmail.com,sol,El Molino,handInput,10
9BWDL6BZ5T4012395,2026-02-09T00:00:00.000Z,Espasa S.A.,INGRESO,slelsener@gmail.com,sol,El Molino,handInput,10
9BWDL6BZ8T4005618,2025-12-19T00:00:00.000Z,Espasa S.A.,INGRESO,slelsener@gmail.com,sol,El Molino,handInput,10
9BWDL6BZ8T4009281,2026-02-09T00:00:00.000Z,Espasa S.A.,INGRESO,slelsener@gmail.com,sol,El Molino,handInput,10
9BWDL6BZXT4008245,2025-12-15T00:00:00.000Z,Espasa S.A.,INGRESO,slelsener@gmail.com,sol,El Molino,handInput,10
9BWDL6BZXT4008553,2025-12-02T00:00:00.000Z,Espasa S.A.,INGRESO,slelsener@gmail.com,sol,El Molino,handInput,10
9BWJL45U8TP042688,2026-01-28T00:00:00.000Z,Espasa S.A.,INGRESO,slelsener@gmail.com,sol,El Molino,handInput,10
3VVAP6B20TM017983,2026-01-06T00:00:00.000Z,Espasa S.A.,INGRESO,slelsener@gmail.com,sol,El Molino,handInput,10
3VVAP6B20TM021273,2025-12-15T00:00:00.000Z,Espasa S.A.,INGRESO,slelsener@gmail.com,sol,El Molino,handInput,10
3VVAP6B21TM009391,2025-12-02T00:00:00.000Z,Espasa S.A.,INGRESO,slelsener@gmail.com,sol,El Molino,handInput,10
3VVAP6B21TM010296,2025-12-02T00:00:00.000Z,Espasa S.A.,INGRESO,slelsener@gmail.com,sol,El Molino,handInput,10
3VVAP6B21TM013540,2025-12-02T00:00:00.000Z,Espasa S.A.,INGRESO,slelsener@gmail.com,sol,El Molino,handInput,10
3VVAP6B21TM013568,2025-12-02T00:00:00.000Z,Espasa S.A.,INGRESO,slelsener@gmail.com,sol,El Molino,handInput,10
3VVAP6B21TM021279,2025-12-30T00:00:00.000Z,Espasa S.A.,INGRESO,slelsener@gmail.com,sol,El Molino,handInput,10
3VVAP6B22TM011070,2025-12-02T00:00:00.000Z,Espasa S.A.,INGRESO,slelsener@gmail.com,sol,El Molino,handInput,10
3VVAP6B22TM021579,2025-12-30T00:00:00.000Z,Espasa S.A.,INGRESO,slelsener@gmail.com,sol,El Molino,handInput,10
3VVAP6B24TM010194,2025-12-02T00:00:00.000Z,Espasa S.A.,INGRESO,slelsener@gmail.com,sol,El Molino,handInput,10
3VVAP6B24TM015332,2025-12-15T00:00:00.000Z,Espasa S.A.,INGRESO,slelsener@gmail.com,sol,El Molino,handInput,10
3VVAP6B24TM017775,2026-01-03T00:00:00.000Z,Espasa S.A.,INGRESO,slelsener@gmail.com,sol,El Molino,handInput,10
3VVAP6B24TM019882,2025-12-30T00:00:00.000Z,Espasa S.A.,INGRESO,slelsener@gmail.com,sol,El Molino,handInput,10
3VVAP6B25TM016277,2026-01-12T00:00:00.000Z,Espasa S.A.,INGRESO,slelsener@gmail.com,sol,El Molino,handInput,10
3VVAP6B25TM018871,2026-01-03T00:00:00.000Z,Espasa S.A.,INGRESO,slelsener@gmail.com,sol,El Molino,handInput,10
3VVAP6B25TM018983,2026-01-03T00:00:00.000Z,Espasa S.A.,INGRESO,slelsener@gmail.com,sol,El Molino,handInput,10
3VVAP6B25TM019146,2026-01-05T00:00:00.000Z,Espasa S.A.,INGRESO,slelsener@gmail.com,sol,El Molino,handInput,10
3VVAP6B25TM021009,2025-12-22T00:00:00.000Z,Espasa S.A.,INGRESO,slelsener@gmail.com,sol,El Molino,handInput,10
3VVAP6B25TM021639,2026-01-03T00:00:00.000Z,Espasa S.A.,INGRESO,slelsener@gmail.com,sol,El Molino,handInput,10
3VVAP6B26TM011654,2025-12-15T00:00:00.000Z,Espasa S.A.,INGRESO,slelsener@gmail.com,sol,El Molino,handInput,10
3VVAP6B26TM017941,2026-01-12T00:00:00.000Z,Espasa S.A.,INGRESO,slelsener@gmail.com,sol,El Molino,handInput,10
3VVAP6B26TM021522,2026-01-05T00:00:00.000Z,Espasa S.A.,INGRESO,slelsener@gmail.com,sol,El Molino,handInput,10
3VVAP6B26TM021567,2025-12-15T00:00:00.000Z,Espasa S.A.,INGRESO,slelsener@gmail.com,sol,El Molino,handInput,10
3VVAP6B27TM013185,2025-12-15T00:00:00.000Z,Espasa S.A.,INGRESO,slelsener@gmail.com,sol,El Molino,handInput,10
3VVAP6B27TM018323,2025-12-30T00:00:00.000Z,Espasa S.A.,INGRESO,slelsener@gmail.com,sol,El Molino,handInput,10
3VVAP6B27TM019777,2025-12-30T00:00:00.000Z,Espasa S.A.,INGRESO,slelsener@gmail.com,sol,El Molino,handInput,10
3VVAP6B27TM021898,2026-01-03T00:00:00.000Z,Espasa S.A.,INGRESO,slelsener@gmail.com,sol,El Molino,handInput,10
3VVAP6B29TM020557,2025-12-15T00:00:00.000Z,Espasa S.A.,INGRESO,slelsener@gmail.com,sol,El Molino,handInput,10
3VVAP6B2XTM020549,2026-01-05T00:00:00.000Z,Espasa S.A.,INGRESO,slelsener@gmail.com,sol,El Molino,handInput,10
3VVAP6B2XTM020972,2025-12-22T00:00:00.000Z,Espasa S.A.,INGRESO,slelsener@gmail.com,sol,El Molino,handInput,10
3VVJP6B20TM008801,2025-12-18T00:00:00.000Z,Espasa S.A.,INGRESO,slelsener@gmail.com,sol,El Molino,handInput,10
3VVJP6B20TM010094,2026-01-03T00:00:00.000Z,Espasa S.A.,INGRESO,slelsener@gmail.com,sol,El Molino,handInput,10
3VVJP6B20TM012475,2025-12-09T00:00:00.000Z,Espasa S.A.,INGRESO,slelsener@gmail.com,sol,El Molino,handInput,10
3VVJP6B20TM012511,2025-12-02T00:00:00.000Z,Espasa S.A.,INGRESO,slelsener@gmail.com,sol,El Molino,handInput,10
3VVJP6B20TM013271,2025-12-09T00:00:00.000Z,Espasa S.A.,INGRESO,slelsener@gmail.com,sol,El Molino,handInput,10
3VVJP6B20TM013920,2026-01-03T00:00:00.000Z,Espasa S.A.,INGRESO,slelsener@gmail.com,sol,El Molino,handInput,10
3VVJP6B20TM014243,2025-12-09T00:00:00.000Z,Espasa S.A.,INGRESO,slelsener@gmail.com,sol,El Molino,handInput,10
3VVJP6B20TM014565,2025-12-02T00:00:00.000Z,Espasa S.A.,INGRESO,slelsener@gmail.com,sol,El Molino,handInput,10
3VVJP6B20TM014937,2025-12-09T00:00:00.000Z,Espasa S.A.,INGRESO,slelsener@gmail.com,sol,El Molino,handInput,10
3VVJP6B20TM019622,2026-01-03T00:00:00.000Z,Espasa S.A.,INGRESO,slelsener@gmail.com,sol,El Molino,handInput,10
3VVJP6B20TM020818,2026-01-03T00:00:00.000Z,Espasa S.A.,INGRESO,slelsener@gmail.com,sol,El Molino,handInput,10
3VVJP6B20TM021824,2025-12-22T00:00:00.000Z,Espasa S.A.,INGRESO,slelsener@gmail.com,sol,El Molino,handInput,10
3VVJP6B21TM010010,2026-01-03T00:00:00.000Z,Espasa S.A.,INGRESO,slelsener@gmail.com,sol,El Molino,handInput,10
3VVJP6B21TM010962,2025-12-02T00:00:00.000Z,Espasa S.A.,INGRESO,slelsener@gmail.com,sol,El Molino,handInput,10
3VVJP6B21TM014297,2025-12-02T00:00:00.000Z,Espasa S.A.,INGRESO,slelsener@gmail.com,sol,El Molino,handInput,10
3VVJP6B21TM017264,2026-01-03T00:00:00.000Z,Espasa S.A.,INGRESO,slelsener@gmail.com,sol,El Molino,handInput,10
3VVJP6B21TM021315,2026-01-03T00:00:00.000Z,Espasa S.A.,INGRESO,slelsener@gmail.com,sol,El Molino,handInput,10
3VVJP6B21TM026904,2026-01-30T00:00:00.000Z,Espasa S.A.,INGRESO,slelsener@gmail.com,sol,El Molino,handInput,10
3VVJP6B22TM010064,2026-01-03T00:00:00.000Z,Espasa S.A.,INGRESO,slelsener@gmail.com,sol,El Molino,handInput,10
3VVJP6B22TM012056,2026-01-03T00:00:00.000Z,Espasa S.A.,INGRESO,slelsener@gmail.com,sol,El Molino,handInput,10
3VVJP6B22TM021470,2026-01-05T00:00:00.000Z,Espasa S.A.,INGRESO,slelsener@gmail.com,sol,El Molino,handInput,10
3VVJP6B22TM021730,2026-01-05T00:00:00.000Z,Espasa S.A.,INGRESO,slelsener@gmail.com,sol,El Molino,handInput,10
3VVJP6B23TM009019,2026-01-03T00:00:00.000Z,Espasa S.A.,INGRESO,slelsener@gmail.com,sol,El Molino,handInput,10
3VVJP6B23TM010056,2025-12-02T00:00:00.000Z,Espasa S.A.,INGRESO,slelsener@gmail.com,sol,El Molino,handInput,10
3VVJP6B23TM013510,2026-01-12T00:00:00.000Z,Espasa S.A.,INGRESO,slelsener@gmail.com,sol,El Molino,handInput,10
3VVJP6B23TM017931,2026-01-03T00:00:00.000Z,Espasa S.A.,INGRESO,slelsener@gmail.com,sol,El Molino,handInput,10
3VVJP6B23TM019811,2026-01-12T00:00:00.000Z,Espasa S.A.,INGRESO,slelsener@gmail.com,sol,El Molino,handInput,10
3VVJP6B23TM021235,2026-01-03T00:00:00.000Z,Espasa S.A.,INGRESO,slelsener@gmail.com,sol,El Molino,handInput,10
3VVJP6B23TM021798,2026-01-03T00:00:00.000Z,Espasa S.A.,INGRESO,slelsener@gmail.com,sol,El Molino,handInput,10
3VVJP6B23TM021851,2026-01-03T00:00:00.000Z,Espasa S.A.,INGRESO,slelsener@gmail.com,sol,El Molino,handInput,10
3VVJP6B24TM018280,2026-01-03T00:00:00.000Z,Espasa S.A.,INGRESO,slelsener@gmail.com,sol,El Molino,handInput,10
3VVJP6B24TM020918,2026-01-03T00:00:00.000Z,Espasa S.A.,INGRESO,slelsener@gmail.com,sol,El Molino,handInput,10
3VVJP6B25TM016201,2026-01-03T00:00:00.000Z,Espasa S.A.,INGRESO,slelsener@gmail.com,sol,El Molino,handInput,10
3VVJP6B25TM016506,2026-01-03T00:00:00.000Z,Espasa S.A.,INGRESO,slelsener@gmail.com,sol,El Molino,handInput,10
3VVJP6B25TM016540,2026-01-03T00:00:00.000Z,Espasa S.A.,INGRESO,slelsener@gmail.com,sol,El Molino,handInput,10
3VVJP6B25TM017168,2026-01-03T00:00:00.000Z,Espasa S.A.,INGRESO,slelsener@gmail.com,sol,El Molino,handInput,10
3VVJP6B25TM017381,2026-01-03T00:00:00.000Z,Espasa S.A.,INGRESO,slelsener@gmail.com,sol,El Molino,handInput,10
3VVJP6B25TM020846,2026-01-07T00:00:00.000Z,Espasa S.A.,INGRESO,slelsener@gmail.com,sol,El Molino,handInput,10
3VVJP6B25TM021690,2026-01-03T00:00:00.000Z,Espasa S.A.,INGRESO,slelsener@gmail.com,sol,El Molino,handInput,10
3VVJP6B26TM009399,2025-12-02T00:00:00.000Z,Espasa S.A.,INGRESO,slelsener@gmail.com,sol,El Molino,handInput,10
3VVJP6B26TM009788,2025-12-09T00:00:00.000Z,Espasa S.A.,INGRESO,slelsener@gmail.com,sol,El Molino,handInput,10
3VVJP6B26TM011640,2025-12-09T00:00:00.000Z,Espasa S.A.,INGRESO,slelsener@gmail.com,sol,El Molino,handInput,10
3VVJP6B26TM018815,2026-01-05T00:00:00.000Z,Espasa S.A.,INGRESO,slelsener@gmail.com,sol,El Molino,handInput,10
3VVJP6B27TM011467,2025-12-09T00:00:00.000Z,Espasa S.A.,INGRESO,slelsener@gmail.com,sol,El Molino,handInput,10
3VVJP6B28TM011414,2025-12-02T00:00:00.000Z,Espasa S.A.,INGRESO,slelsener@gmail.com,sol,El Molino,handInput,10
3VVJP6B28TM012580,2026-01-03T00:00:00.000Z,Espasa S.A.,INGRESO,slelsener@gmail.com,sol,El Molino,handInput,10
3VVJP6B28TM014524,2026-01-03T00:00:00.000Z,Espasa S.A.,INGRESO,slelsener@gmail.com,sol,El Molino,handInput,10
3VVJP6B28TM020565,2026-01-03T00:00:00.000Z,Espasa S.A.,INGRESO,slelsener@gmail.com,sol,El Molino,handInput,10
3VVJP6B28TM020615,2026-01-03T00:00:00.000Z,Espasa S.A.,INGRESO,slelsener@gmail.com,sol,El Molino,handInput,10
3VVJP6B29TM009137,2026-01-03T00:00:00.000Z,Espasa S.A.,INGRESO,slelsener@gmail.com,sol,El Molino,handInput,10
3VVJP6B29TM009896,2025-12-02T00:00:00.000Z,Espasa S.A.,INGRESO,slelsener@gmail.com,sol,El Molino,handInput,10
3VVJP6B29TM011793,2026-01-03T00:00:00.000Z,Espasa S.A.,INGRESO,slelsener@gmail.com,sol,El Molino,handInput,10
3VVJP6B29TM012040,2025-12-15T00:00:00.000Z,Espasa S.A.,INGRESO,slelsener@gmail.com,sol,El Molino,handInput,10
3VVJP6B29TM021854,2026-01-03T00:00:00.000Z,Espasa S.A.,INGRESO,slelsener@gmail.com,sol,El Molino,handInput,10
3VVJP6B2XTM009812,2025-12-15T00:00:00.000Z,Espasa S.A.,INGRESO,slelsener@gmail.com,sol,El Molino,handInput,10
3VVJP6B2XTM012306,2025-12-02T00:00:00.000Z,Espasa S.A.,INGRESO,slelsener@gmail.com,sol,El Molino,handInput,10
3VVJP6B2XTM021782,2026-01-03T00:00:00.000Z,Espasa S.A.,INGRESO,slelsener@gmail.com,sol,El Molino,handInput,10
3VVJP6B2XTM021846,2026-01-05T00:00:00.000Z,Espasa S.A.,INGRESO,slelsener@gmail.com,sol,El Molino,handInput,10
9BWBH6BF0T4046937,2026-01-02T00:00:00.000Z,Espasa S.A.,INGRESO,slelsener@gmail.com,sol,El Molino,handInput,10
9BWBH6BF1T4031184,2026-01-03T00:00:00.000Z,Espasa S.A.,INGRESO,slelsener@gmail.com,sol,El Molino,handInput,10
9BWBH6BF0T4050146,2025-12-09T00:00:00.000Z,Espasa S.A.,INGRESO,slelsener@gmail.com,sol,El Molino,handInput,10
9BWBH6BF2T4048527,2026-01-02T00:00:00.000Z,Espasa S.A.,INGRESO,slelsener@gmail.com,sol,El Molino,handInput,10
9BWBH6BF4T4051414,2026-01-03T00:00:00.000Z,Espasa S.A.,INGRESO,slelsener@gmail.com,sol,El Molino,handInput,10
9BWBH6BF4T4060484,2025-12-22T00:00:00.000Z,Espasa S.A.,INGRESO,slelsener@gmail.com,sol,El Molino,handInput,10
9BWBH6BF5T4060865,2025-12-22T00:00:00.000Z,Espasa S.A.,INGRESO,slelsener@gmail.com,sol,El Molino,handInput,10
9BWBH6BF6T4048398,2025-12-30T00:00:00.000Z,Espasa S.A.,INGRESO,slelsener@gmail.com,sol,El Molino,handInput,10
9BWBH6BF8T4048287,2026-01-03T00:00:00.000Z,Espasa S.A.,INGRESO,slelsener@gmail.com,sol,El Molino,handInput,10
9BWBH6BF8T4048662,2025-12-23T00:00:00.000Z,Espasa S.A.,INGRESO,slelsener@gmail.com,sol,El Molino,handInput,10
9BWBH6BF8T4052615,2026-01-03T00:00:00.000Z,Espasa S.A.,INGRESO,slelsener@gmail.com,sol,El Molino,handInput,10
9BWBH6BF8T4055580,2025-12-30T00:00:00.000Z,Espasa S.A.,INGRESO,slelsener@gmail.com,sol,El Molino,handInput,10
9BWBH6BF9T4048492,2025-12-01T00:00:00.000Z,Espasa S.A.,INGRESO,slelsener@gmail.com,sol,El Molino,handInput,10
9BWBH6BF9T4050047,2026-01-02T00:00:00.000Z,Espasa S.A.,INGRESO,slelsener@gmail.com,sol,El Molino,handInput,10
9BWBH6BF9T4051344,2026-01-03T00:00:00.000Z,Espasa S.A.,INGRESO,slelsener@gmail.com,sol,El Molino,handInput,10
9BWBH6BF9T4052963,2026-01-02T00:00:00.000Z,Espasa S.A.,INGRESO,slelsener@gmail.com,sol,El Molino,handInput,10
9BWBH6BF9T4055586,2026-01-03T00:00:00.000Z,Espasa S.A.,INGRESO,slelsener@gmail.com,sol,El Molino,handInput,10
9BWBH6BF9T4056009,2026-01-03T00:00:00.000Z,Espasa S.A.,INGRESO,slelsener@gmail.com,sol,El Molino,handInput,10
9BWBH6BF9T4056091,2026-01-03T00:00:00.000Z,Espasa S.A.,INGRESO,slelsener@gmail.com,sol,El Molino,handInput,10
9BWBH6BF9T4060965,2026-01-03T00:00:00.000Z,Espasa S.A.,INGRESO,slelsener@gmail.com,sol,El Molino,handInput,10
9BWBH6BFXT4054298,2026-01-03T00:00:00.000Z,Espasa S.A.,INGRESO,slelsener@gmail.com,sol,El Molino,handInput,10
9BWBH6BFXT4055614,2026-01-02T00:00:00.000Z,Espasa S.A.,INGRESO,slelsener@gmail.com,sol,El Molino,handInput,10
9BWBH6BFXT4056133,2026-01-03T00:00:00.000Z,Espasa S.A.,INGRESO,slelsener@gmail.com,sol,El Molino,handInput,10
9BWBH6BFXT4056584,2026-01-03T00:00:00.000Z,Espasa S.A.,INGRESO,slelsener@gmail.com,sol,El Molino,handInput,10
9BWBH6BFXT4056634,2026-01-03T00:00:00.000Z,Espasa S.A.,INGRESO,slelsener@gmail.com,sol,El Molino,handInput,10
9BWBH6BF4T4048433,2026-01-02T00:00:00.000Z,Espasa S.A.,INGRESO,slelsener@gmail.com,sol,El Molino,handInput,10
9BWBH6BF2T4052027,2025-12-15T00:00:00.000Z,Espasa S.A.,INGRESO,slelsener@gmail.com,sol,El Molino,handInput,10
9BWBH6BF4T4052031,2025-12-15T00:00:00.000Z,Espasa S.A.,INGRESO,slelsener@gmail.com,sol,El Molino,handInput,10
9BWBH6BF5T4048540,2026-01-02T00:00:00.000Z,Espasa S.A.,INGRESO,slelsener@gmail.com,sol,El Molino,handInput,10
9BWBH6BF8T4048340,2025-12-15T00:00:00.000Z,Espasa S.A.,INGRESO,slelsener@gmail.com,sol,El Molino,handInput,10
9BWBH6BF8T4048385,2026-01-02T00:00:00.000Z,Espasa S.A.,INGRESO,slelsener@gmail.com,sol,El Molino,handInput,10
9BWBH6BF9T4052199,2026-01-02T00:00:00.000Z,Espasa S.A.,INGRESO,slelsener@gmail.com,sol,El Molino,handInput,10
9BWBH6BF9T4053031,2026-01-03T00:00:00.000Z,Espasa S.A.,INGRESO,slelsener@gmail.com,sol,El Molino,handInput,10
9BWBH6DF0TT350207,2025-12-03T00:00:00.000Z,Espasa S.A.,INGRESO,slelsener@gmail.com,sol,El Molino,handInput,10
9BWBH6DF0TT350630,2025-12-01T00:00:00.000Z,Espasa S.A.,INGRESO,slelsener@gmail.com,sol,El Molino,handInput,10
9BWBH6DF0TT351437,2025-12-03T00:00:00.000Z,Espasa S.A.,INGRESO,slelsener@gmail.com,sol,El Molino,handInput,10
9BWBH6DF0TT351583,2025-12-01T00:00:00.000Z,Espasa S.A.,INGRESO,slelsener@gmail.com,sol,El Molino,handInput,10
9BWBH6DF0TT352507,2025-12-03T00:00:00.000Z,Espasa S.A.,INGRESO,slelsener@gmail.com,sol,El Molino,handInput,10
9BWBH6DF0TT352605,2025-12-15T00:00:00.000Z,Espasa S.A.,INGRESO,slelsener@gmail.com,sol,El Molino,handInput,10
9BWBH6DF0TT352698,2025-12-01T00:00:00.000Z,Espasa S.A.,INGRESO,slelsener@gmail.com,sol,El Molino,handInput,10
9BWBH6DF0TT353172,2025-12-15T00:00:00.000Z,Espasa S.A.,INGRESO,slelsener@gmail.com,sol,El Molino,handInput,10
9BWBH6DF0TT353396,2025-12-03T00:00:00.000Z,Espasa S.A.,INGRESO,slelsener@gmail.com,sol,El Molino,handInput,10
9BWBH6DF0TT354029,2025-12-15T00:00:00.000Z,Espasa S.A.,INGRESO,slelsener@gmail.com,sol,El Molino,handInput,10
9BWBH6DF0TT354080,2025-12-15T00:00:00.000Z,Espasa S.A.,INGRESO,slelsener@gmail.com,sol,El Molino,handInput,10
9BWBH6DF1TT323923,2025-12-01T00:00:00.000Z,Espasa S.A.,INGRESO,slelsener@gmail.com,sol,El Molino,handInput,10
9BWBH6DF1TT329401,2025-12-01T00:00:00.000Z,Espasa S.A.,INGRESO,slelsener@gmail.com,sol,El Molino,handInput,10
9BWBH6DF1TT329723,2025-12-01T00:00:00.000Z,Espasa S.A.,INGRESO,slelsener@gmail.com,sol,El Molino,handInput,10
9BWBH6DF1TT343105,2025-12-03T00:00:00.000Z,Espasa S.A.,INGRESO,slelsener@gmail.com,sol,El Molino,handInput,10
9BWBH6DF1TT343279,2026-02-11T00:00:00.000Z,Espasa S.A.,INGRESO,slelsener@gmail.com,sol,El Molino,handInput,10
9BWBH6DF1TT344206,2025-12-01T00:00:00.000Z,Espasa S.A.,INGRESO,slelsener@gmail.com,sol,El Molino,handInput,10
9BWBH6DF1TT348305,2025-12-03T00:00:00.000Z,Espasa S.A.,INGRESO,slelsener@gmail.com,sol,El Molino,handInput,10
9BWBH6DF1TT355349,2025-12-30T00:00:00.000Z,Espasa S.A.,INGRESO,slelsener@gmail.com,sol,El Molino,handInput,10
9BWBH6DF1TT359286,2025-12-30T00:00:00.000Z,Espasa S.A.,INGRESO,slelsener@gmail.com,sol,El Molino,handInput,10
9BWBH6DF1TT359448,2026-01-03T00:00:00.000Z,Espasa S.A.,INGRESO,slelsener@gmail.com,sol,El Molino,handInput,10
9BWBH6DF1TT360907,2025-12-24T00:00:00.000Z,Espasa S.A.,INGRESO,slelsener@gmail.com,sol,El Molino,handInput,10
9BWBH6DF2TT359779,2025-12-23T00:00:00.000Z,Espasa S.A.,INGRESO,slelsener@gmail.com,sol,El Molino,handInput,10
9BWBH6DF2TT359975,2025-12-23T00:00:00.000Z,Espasa S.A.,INGRESO,slelsener@gmail.com,sol,El Molino,handInput,10
9BWBH6DF3TT345891,2025-12-30T00:00:00.000Z,Espasa S.A.,INGRESO,slelsener@gmail.com,sol,El Molino,handInput,10
9BWBH6DF3TT345907,2026-01-03T00:00:00.000Z,Espasa S.A.,INGRESO,slelsener@gmail.com,sol,El Molino,handInput,10
9BWBH6DF3TT349486,2025-12-30T00:00:00.000Z,Espasa S.A.,INGRESO,slelsener@gmail.com,sol,El Molino,handInput,10
9BWBH6DF3TT356261,2025-12-20T00:00:00.000Z,Espasa S.A.,INGRESO,slelsener@gmail.com,sol,El Molino,handInput,10
9BWBH6DF4TT342515,2025-12-30T00:00:00.000Z,Espasa S.A.,INGRESO,slelsener@gmail.com,sol,El Molino,handInput,10
9BWBH6DF4TT360433,2025-12-23T00:00:00.000Z,Espasa S.A.,INGRESO,slelsener@gmail.com,sol,El Molino,handInput,10
9BWBH6DF4TT361646,2025-12-20T00:00:00.000Z,Espasa S.A.,INGRESO,slelsener@gmail.com,sol,El Molino,handInput,10
9BWBH6DF5TT349733,2026-01-23T00:00:00.000Z,Espasa S.A.,INGRESO,slelsener@gmail.com,sol,El Molino,handInput,10
9BWBH6DF5TT359050,2025-12-23T00:00:00.000Z,Espasa S.A.,INGRESO,slelsener@gmail.com,sol,El Molino,handInput,10
9BWBH6DF5TT361414,2025-12-23T00:00:00.000Z,Espasa S.A.,INGRESO,slelsener@gmail.com,sol,El Molino,handInput,10
9BWBH6DF5TT361476,2025-12-23T00:00:00.000Z,Espasa S.A.,INGRESO,slelsener@gmail.com,sol,El Molino,handInput,10
9BWBH6DF5TT361574,2025-12-23T00:00:00.000Z,Espasa S.A.,INGRESO,slelsener@gmail.com,sol,El Molino,handInput,10
9BWBH6DF6TT354794,2026-01-05T00:00:00.000Z,Espasa S.A.,INGRESO,slelsener@gmail.com,sol,El Molino,handInput,10
9BWBH6DF6TT359462,2025-12-30T00:00:00.000Z,Espasa S.A.,INGRESO,slelsener@gmail.com,sol,El Molino,handInput,10
9BWBH6DF6TT361423,2025-12-23T00:00:00.000Z,Espasa S.A.,INGRESO,slelsener@gmail.com,sol,El Molino,handInput,10
9BWBH6DF7TT354870,2025-12-30T00:00:00.000Z,Espasa S.A.,INGRESO,slelsener@gmail.com,sol,El Molino,handInput,10
9BWBH6DF7TT359986,2025-12-22T00:00:00.000Z,Espasa S.A.,INGRESO,slelsener@gmail.com,sol,El Molino,handInput,10
9BWBH6DF7TT361530,2025-12-30T00:00:00.000Z,Espasa S.A.,INGRESO,slelsener@gmail.com,sol,El Molino,handInput,10
9BWBH6DF8TT355946,2026-01-05T00:00:00.000Z,Espasa S.A.,INGRESO,slelsener@gmail.com,sol,El Molino,handInput,10
9BWBH6DF9TT361593,2025-12-30T00:00:00.000Z,Espasa S.A.,INGRESO,slelsener@gmail.com,sol,El Molino,handInput,10
9BWBH6DFXTT352028,2025-12-30T00:00:00.000Z,Espasa S.A.,INGRESO,slelsener@gmail.com,sol,El Molino,handInput,10
9BWBH6DFXTT359724,2025-12-23T00:00:00.000Z,Espasa S.A.,INGRESO,slelsener@gmail.com,sol,El Molino,handInput,10
9BWBH6DFXTT360081,2025-12-30T00:00:00.000Z,Espasa S.A.,INGRESO,slelsener@gmail.com,sol,El Molino,handInput,10
9BWBH6DF0TT360252,2026-01-05T00:00:00.000Z,Espasa S.A.,INGRESO,slelsener@gmail.com,sol,El Molino,handInput,10
9BWBH6DF0TT363913,2025-12-24T00:00:00.000Z,Espasa S.A.,INGRESO,slelsener@gmail.com,sol,El Molino,handInput,10
9BWBH6DF0TT364009,2026-01-03T00:00:00.000Z,Espasa S.A.,INGRESO,slelsener@gmail.com,sol,El Molino,handInput,10
9BWBH6DF0TT366553,2025-12-24T00:00:00.000Z,Espasa S.A.,INGRESO,slelsener@gmail.com,sol,El Molino,handInput,10
9BWBH6DF0TT366729,2025-12-30T00:00:00.000Z,Espasa S.A.,INGRESO,slelsener@gmail.com,sol,El Molino,handInput,10
9BWBH6DF1TT348725,2025-12-03T00:00:00.000Z,Espasa S.A.,INGRESO,slelsener@gmail.com,sol,El Molino,handInput,10
9BWBH6DF1TT359983,2026-01-02T00:00:00.000Z,Espasa S.A.,INGRESO,slelsener@gmail.com,sol,El Molino,handInput,10
9BWBH6DF1TT363449,2025-12-24T00:00:00.000Z,Espasa S.A.,INGRESO,slelsener@gmail.com,sol,El Molino,handInput,10
9BWBH6DF1TT364519,2026-01-03T00:00:00.000Z,Espasa S.A.,INGRESO,slelsener@gmail.com,sol,El Molino,handInput,10
9BWBH6DF3TT359824,2026-01-03T00:00:00.000Z,Espasa S.A.,INGRESO,slelsener@gmail.com,sol,El Molino,handInput,10
9BWBH6DF5TT360179,2026-01-03T00:00:00.000Z,Espasa S.A.,INGRESO,slelsener@gmail.com,sol,El Molino,handInput,10
9BWBH6DF5TT360733,2025-12-23T00:00:00.000Z,Espasa S.A.,INGRESO,slelsener@gmail.com,sol,El Molino,handInput,10
9BWBH6DF6TT345805,2025-12-03T00:00:00.000Z,Espasa S.A.,INGRESO,slelsener@gmail.com,sol,El Molino,handInput,10
9BWBH6DF7TT359146,2026-01-03T00:00:00.000Z,Espasa S.A.,INGRESO,slelsener@gmail.com,sol,El Molino,handInput,10
9BWBH6DF7TT359938,2026-01-03T00:00:00.000Z,Espasa S.A.,INGRESO,slelsener@gmail.com,sol,El Molino,handInput,10
9BWBH6DF7TT362340,2025-12-22T00:00:00.000Z,Espasa S.A.,INGRESO,slelsener@gmail.com,sol,El Molino,handInput,10
9BWBH6DF8TT361424,2025-12-22T00:00:00.000Z,Espasa S.A.,INGRESO,slelsener@gmail.com,sol,El Molino,handInput,10
9BWBH6DF9TT346737,2025-12-15T00:00:00.000Z,Espasa S.A.,INGRESO,slelsener@gmail.com,sol,El Molino,handInput,10
9BWBH6DF9TT367281,2026-01-03T00:00:00.000Z,Espasa S.A.,INGRESO,slelsener@gmail.com,sol,El Molino,handInput,10
9BWBH6DF9TT367488,2026-01-02T00:00:00.000Z,Espasa S.A.,INGRESO,slelsener@gmail.com,sol,El Molino,handInput,10
9BWBH6DFXTT349078,2025-12-23T00:00:00.000Z,Espasa S.A.,INGRESO,slelsener@gmail.com,sol,El Molino,handInput,10
9BWBL6DF0TT349475,2025-12-15T00:00:00.000Z,Espasa S.A.,INGRESO,slelsener@gmail.com,sol,El Molino,handInput,10
9BWBL6DF0TT350853,2025-12-01T00:00:00.000Z,Espasa S.A.,INGRESO,slelsener@gmail.com,sol,El Molino,handInput,10
9BWBL6DF0TT351078,2025-12-15T00:00:00.000Z,Espasa S.A.,INGRESO,slelsener@gmail.com,sol,El Molino,handInput,10
9BWBL6DF0TT352442,2025-12-15T00:00:00.000Z,Espasa S.A.,INGRESO,slelsener@gmail.com,sol,El Molino,handInput,10
9BWBL6DF0TT353168,2025-12-15T00:00:00.000Z,Espasa S.A.,INGRESO,slelsener@gmail.com,sol,El Molino,handInput,10
9BWBL6DF0TT353753,2025-12-03T00:00:00.000Z,Espasa S.A.,INGRESO,slelsener@gmail.com,sol,El Molino,handInput,10
9BWBL6DF0TT353803,2025-12-15T00:00:00.000Z,Espasa S.A.,INGRESO,slelsener@gmail.com,sol,El Molino,handInput,10
9BWBL6DF1TT327727,2025-12-03T00:00:00.000Z,Espasa S.A.,INGRESO,slelsener@gmail.com,sol,El Molino,handInput,10
9BWBL6DF1TT329350,2025-12-15T00:00:00.000Z,Espasa S.A.,INGRESO,slelsener@gmail.com,sol,El Molino,handInput,10
9BWBL6DF1TT344155,2025-12-27T00:00:00.000Z,Espasa S.A.,INGRESO,slelsener@gmail.com,sol,El Molino,handInput,10
9BWBL6DF1TT353745,2025-12-02T00:00:00.000Z,Espasa S.A.,INGRESO,slelsener@gmail.com,sol,El Molino,handInput,10
9BWBL6DF2TT343368,2026-01-02T00:00:00.000Z,Espasa S.A.,INGRESO,slelsener@gmail.com,sol,El Molino,handInput,10
9BWBL6DF3TT348708,2025-12-15T00:00:00.000Z,Espasa S.A.,INGRESO,slelsener@gmail.com,sol,El Molino,handInput,10
9BWBL6DF4TT344554,2025-12-27T00:00:00.000Z,Espasa S.A.,INGRESO,slelsener@gmail.com,sol,El Molino,handInput,10
9BWBL6DF4TT349415,2025-12-20T00:00:00.000Z,Espasa S.A.,INGRESO,slelsener@gmail.com,sol,El Molino,handInput,10
9BWBL6DF4TT361385,2026-01-02T00:00:00.000Z,Espasa S.A.,INGRESO,slelsener@gmail.com,sol,El Molino,handInput,10
9BWBL6DF5TT342568,2026-01-02T00:00:00.000Z,Espasa S.A.,INGRESO,slelsener@gmail.com,sol,El Molino,handInput,10
9BWBL6DF5TT355904,2026-01-02T00:00:00.000Z,Espasa S.A.,INGRESO,slelsener@gmail.com,sol,El Molino,handInput,10
9BWBL6DF5TT360228,2026-01-02T00:00:00.000Z,Espasa S.A.,INGRESO,slelsener@gmail.com,sol,El Molino,handInput,10
9BWBL6DF6TT342658,2025-12-27T00:00:00.000Z,Espasa S.A.,INGRESO,slelsener@gmail.com,sol,El Molino,handInput,10
9BWBL6DF7TT347450,2026-01-02T00:00:00.000Z,Espasa S.A.,INGRESO,slelsener@gmail.com,sol,El Molino,handInput,10
9BWBL6DF7TT349067,2025-12-27T00:00:00.000Z,Espasa S.A.,INGRESO,slelsener@gmail.com,sol,El Molino,handInput,10
9BWBL6DF7TT349361,2025-12-27T00:00:00.000Z,Espasa S.A.,INGRESO,slelsener@gmail.com,sol,El Molino,handInput,10
9BWBL6DF7TT349523,2026-01-02T00:00:00.000Z,Espasa S.A.,INGRESO,slelsener@gmail.com,sol,El Molino,handInput,10
9BWBL6DF7TT355869,2026-01-02T00:00:00.000Z,Espasa S.A.,INGRESO,slelsener@gmail.com,sol,El Molino,handInput,10
9BWBL6DF7TT360280,2026-01-02T00:00:00.000Z,Espasa S.A.,INGRESO,slelsener@gmail.com,sol,El Molino,handInput,10
9BWBL6DF8TT359901,2026-01-02T00:00:00.000Z,Espasa S.A.,INGRESO,slelsener@gmail.com,sol,El Molino,handInput,10
9BWBL6DF8TT365049,2026-01-02T00:00:00.000Z,Espasa S.A.,INGRESO,slelsener@gmail.com,sol,El Molino,handInput,10
9BWBL6DF9TT326728,2026-01-02T00:00:00.000Z,Espasa S.A.,INGRESO,slelsener@gmail.com,sol,El Molino,handInput,10
9BWBL6DF9TT344002,2026-02-09T00:00:00.000Z,Espasa S.A.,INGRESO,slelsener@gmail.com,sol,El Molino,handInput,10
9BWBL6DF9TT347613,2026-01-02T00:00:00.000Z,Espasa S.A.,INGRESO,slelsener@gmail.com,sol,El Molino,handInput,10
9BWBL6DF9TT348437,2026-01-02T00:00:00.000Z,Espasa S.A.,INGRESO,slelsener@gmail.com,sol,El Molino,handInput,10
9BWBL6DF9TT349328,2026-01-02T00:00:00.000Z,Espasa S.A.,INGRESO,slelsener@gmail.com,sol,El Molino,handInput,10
9BWBL6DF9TT349409,2025-12-20T00:00:00.000Z,Espasa S.A.,INGRESO,slelsener@gmail.com,sol,El Molino,handInput,10
9BWBL6DF9TT366467,2026-01-02T00:00:00.000Z,Espasa S.A.,INGRESO,slelsener@gmail.com,sol,El Molino,handInput,10
9BWBL6DFXTT344137,2025-12-27T00:00:00.000Z,Espasa S.A.,INGRESO,slelsener@gmail.com,sol,El Molino,handInput,10
9BWBL6DFXTT359155,2025-12-27T00:00:00.000Z,Espasa S.A.,INGRESO,slelsener@gmail.com,sol,El Molino,handInput,10
9BWBL6DFXTT364405,2026-01-02T00:00:00.000Z,Espasa S.A.,INGRESO,slelsener@gmail.com,sol,El Molino,handInput,10
9BWBL6DFXTT364484,2026-01-02T00:00:00.000Z,Espasa S.A.,INGRESO,slelsener@gmail.com,sol,El Molino,handInput,10
9BWBL6DFXTT365389,2026-01-02T00:00:00.000Z,Espasa S.A.,INGRESO,slelsener@gmail.com,sol,El Molino,handInput,10
3VW2E6BU0SM109097,2026-01-03T00:00:00.000Z,Espasa S.A.,INGRESO,slelsener@gmail.com,sol,El Molino,handInput,10
3VW2E6BU1SM111683,2026-01-02T00:00:00.000Z,Espasa S.A.,INGRESO,slelsener@gmail.com,sol,El Molino,handInput,10
3VW2E6BU1TM004019,2025-12-03T00:00:00.000Z,Espasa S.A.,INGRESO,slelsener@gmail.com,sol,El Molino,handInput,10
3VW2E6BU7TM012173,2026-01-12T00:00:00.000Z,Espasa S.A.,INGRESO,slelsener@gmail.com,sol,El Molino,handInput,10